,eta,zeta,lpost
0,0.0021730313453078957,2.697407279900737,-1154.7551732992777
1,0.0021730313453078957,2.697407279900737,-1154.7551732992777
2,0.0021730313453078957,2.697407279900737,-1154.7551732992777
3,0.0021730313453078957,2.697407279900737,-1154.7551732992777
4,0.0021730313453078957,2.697407279900737,-1154.7551732992777
